{"cameraMode":{"drawMode":0,"name":"Shaded","section":"Shading Mode"},"sceneLighting":true,"audioPlay":false,"sceneViewState":{"showFog":true,"showMaterialUpdate":false,"showSkybox":true,"showFlares":true,"showImageEffects":true,"showParticleSystems":true},"in2DMode":false,"pivot":{"x":105.0,"y":3.0973644256591799,"z":-92.7300033569336},"rotation":{"x":0.18719054758548737,"y":-0.12633007764816285,"z":0.024282259866595269,"w":0.9738643765449524},"size":8.184503555297852,"orthographic":false}